{"BEST_THRESHOLDS": "_PLACEHOLDER_", "SAMPLE_METRICS": [["7197037167_R01C01.gtc", "6", 0.9857857577032777, 0.9850746268656716, {"1:0": 0, "1:1": 9624, "1:2": 140, "1:3": 0, "0:1": 17, "0:0": 1, "0:3": 2, "0:2": 47, "2:3": 1, "2:2": 8372, "2:1": 35, "2:0": 5, "3:2": 122, "3:3": 3087, "3:0": 1, "3:1": 0}], ["7197037167_R01C01.gtc", "7", 0.9895731051573385, 0.9850746268656716, {"1:0": 0, "1:1": 9702, "1:2": 62, "1:3": 0, "0:1": 23, "0:0": 1, "0:3": 3, "0:2": 40, "2:3": 3, "2:2": 8349, "2:1": 50, "2:0": 11, "3:2": 96, "3:3": 3113, "3:0": 1, "3:1": 0}], ["7197037167_R01C01.gtc", "8", 0.9910225838125964, 0.9850746268656716, {"1:0": 1, "1:1": 9743, "1:2": 20, "1:3": 0, "0:1": 27, "0:0": 1, "0:3": 3, "0:2": 36, "2:3": 12, "2:2": 8328, "2:1": 57, "2:0": 16, "3:2": 84, "3:3": 3124, "3:0": 2, "3:1": 0}], ["7197037167_R01C02.gtc", "6", 0.9887377914855834, 0.9818181818181818, {"1:0": 1, "1:1": 9775, "1:2": 73, "1:3": 0, "0:1": 17, "0:0": 1, "0:3": 2, "0:2": 35, "2:3": 1, "2:2": 8186, "2:1": 31, "2:0": 4, "3:2": 129, "3:3": 3197, "3:0": 2, "3:1": 0}], ["7197037167_R01C02.gtc", "7", 0.9915883919809337, 0.9636363636363636, {"1:0": 1, "1:1": 9822, "1:2": 26, "1:3": 0, "0:1": 19, "0:0": 2, "0:3": 2, "0:2": 32, "2:3": 4, "2:2": 8169, "2:1": 44, "2:0": 5, "3:2": 97, "3:3": 3228, "3:0": 3, "3:1": 0}], ["7197037167_R01C02.gtc", "8", 0.9921958970045329, 0.9636363636363636, {"1:0": 1, "1:1": 9838, "1:2": 10, "1:3": 0, "0:1": 23, "0:0": 2, "0:3": 2, "0:2": 28, "2:3": 7, "2:2": 8150, "2:1": 56, "2:0": 9, "3:2": 81, "3:3": 3244, "3:0": 3, "3:1": 0}], ["7197037167_R02C01.gtc", "6", 0.9892543449822463, 0.98, {"1:0": 0, "1:1": 9965, "1:2": 31, "1:3": 0, "0:1": 11, "0:0": 1, "0:3": 0, "0:2": 38, "2:3": 2, "2:2": 8087, "2:1": 29, "2:0": 5, "3:2": 161, "3:3": 3122, "3:0": 2, "3:1": 0}], ["7197037167_R02C01.gtc", "7", 0.9907961128760979, 0.98, {"1:0": 1, "1:1": 9981, "1:2": 14, "1:3": 0, "0:1": 15, "0:0": 1, "0:3": 1, "0:2": 33, "2:3": 4, "2:2": 8071, "2:1": 42, "2:0": 6, "3:2": 128, "3:3": 3155, "3:0": 2, "3:1": 0}], ["7197037167_R02C01.gtc", "8", 0.9907493926368903, 0.98, {"1:0": 1, "1:1": 9988, "1:2": 7, "1:3": 0, "0:1": 16, "0:0": 1, "0:3": 1, "0:2": 32, "2:3": 10, "2:2": 8053, "2:1": 50, "2:0": 10, "3:2": 116, "3:3": 3165, "3:0": 4, "3:1": 0}], ["7197037167_R02C02.gtc", "6", 0.9354292781357808, 0.9998358233459202, {"1:0": 0, "1:1": 1730, "1:2": 911, "1:3": 0, "0:1": 113, "0:0": 1, "0:3": 19, "0:2": 5958, "2:3": 5, "2:2": 12610, "2:1": 38, "2:0": 2, "3:2": 36, "3:3": 31, "3:0": 0, "3:1": 0}], ["7197037167_R02C02.gtc", "7", 0.943826075636269, 0.9998358233459202, {"1:0": 1, "1:1": 1880, "1:2": 760, "1:3": 0, "0:1": 144, "0:0": 1, "0:3": 28, "0:2": 5918, "2:3": 9, "2:2": 12582, "2:1": 61, "2:0": 3, "3:2": 29, "3:3": 38, "3:0": 0, "3:1": 0}], ["7197037167_R02C02.gtc", "8", 0.9526785133112022, 0.9998358233459202, {"1:0": 1, "1:1": 2046, "1:2": 594, "1:3": 0, "0:1": 200, "0:0": 1, "0:3": 43, "0:2": 5847, "2:3": 17, "2:2": 12544, "2:1": 87, "2:0": 7, "3:2": 21, "3:3": 46, "3:0": 0, "3:1": 0}], ["7197037167_R03C01.gtc", "6", 0.9780348445110528, 0.9705882352941176, {"1:0": 0, "1:1": 9706, "1:2": 218, "1:3": 0, "0:1": 27, "0:0": 3, "0:3": 9, "0:2": 63, "2:3": 1, "2:2": 7895, "2:1": 31, "2:0": 1, "3:2": 214, "3:3": 3282, "3:0": 4, "3:1": 0}], ["7197037167_R03C01.gtc", "7", 0.9855282877482203, 0.9705882352941176, {"1:0": 0, "1:1": 9824, "1:2": 100, "1:3": 0, "0:1": 37, "0:0": 3, "0:3": 9, "0:2": 53, "2:3": 3, "2:2": 7882, "2:1": 41, "2:0": 2, "3:2": 158, "3:3": 3337, "3:0": 5, "3:1": 0}], ["7197037167_R03C01.gtc", "8", 0.9886193330835519, 0.9607843137254902, {"1:0": 0, "1:1": 9875, "1:2": 49, "1:3": 0, "0:1": 42, "0:0": 4, "0:3": 13, "0:2": 43, "2:3": 5, "2:2": 7866, "2:1": 52, "2:0": 5, "3:2": 126, "3:3": 3368, "3:0": 6, "3:1": 0}], ["7197037167_R03C02.gtc", "6", 0.9849420127197905, 0.9714285714285714, {"1:0": 0, "1:1": 9843, "1:2": 161, "1:3": 0, "0:1": 15, "0:0": 2, "0:3": 4, "0:2": 49, "2:3": 2, "2:2": 8111, "2:1": 25, "2:0": 2, "3:2": 131, "3:3": 3108, "3:0": 1, "3:1": 0}], ["7197037167_R03C02.gtc", "7", 0.9884493078937523, 0.9714285714285714, {"1:0": 1, "1:1": 9920, "1:2": 83, "1:3": 0, "0:1": 18, "0:0": 2, "0:3": 5, "0:2": 45, "2:3": 6, "2:2": 8088, "2:1": 42, "2:0": 4, "3:2": 110, "3:3": 3129, "3:0": 1, "3:1": 0}], ["7197037167_R03C02.gtc", "8", 0.9907875046763935, 0.9714285714285714, {"1:0": 2, "1:1": 9967, "1:2": 35, "1:3": 0, "0:1": 23, "0:0": 2, "0:3": 7, "0:2": 38, "2:3": 6, "2:2": 8073, "2:1": 54, "2:0": 7, "3:2": 90, "3:3": 3147, "3:0": 3, "3:1": 0}], ["7197037167_R04C01.gtc", "6", 0.9806225134565879, 0.9887640449438202, {"1:0": 0, "1:1": 9632, "1:2": 235, "1:3": 0, "0:1": 13, "0:0": 1, "0:3": 11, "0:2": 64, "2:3": 2, "2:2": 8151, "2:1": 29, "2:0": 3, "3:2": 141, "3:3": 3168, "3:0": 4, "3:1": 0}], ["7197037167_R04C01.gtc", "7", 0.9870816756377252, 0.9887640449438202, {"1:0": 1, "1:1": 9756, "1:2": 110, "1:3": 0, "0:1": 18, "0:0": 1, "0:3": 12, "0:2": 58, "2:3": 4, "2:2": 8135, "2:1": 43, "2:0": 3, "3:2": 108, "3:3": 3198, "3:0": 7, "3:1": 0}], ["7197037167_R04C01.gtc", "8", 0.9894687573133629, 0.9887640449438202, {"1:0": 1, "1:1": 9815, "1:2": 51, "1:3": 0, "0:1": 28, "0:0": 1, "0:3": 14, "0:2": 46, "2:3": 9, "2:2": 8112, "2:1": 57, "2:0": 7, "3:2": 91, "3:3": 3213, "3:0": 9, "3:1": 0}], ["7197037167_R04C02.gtc", "6", 0.984046783625731, 0.9873417721518988, {"1:0": 0, "1:1": 9992, "1:2": 164, "1:3": 0, "0:1": 21, "0:0": 1, "0:3": 5, "0:2": 52, "2:3": 2, "2:2": 7951, "2:1": 36, "2:0": 5, "3:2": 133, "3:3": 3091, "3:0": 1, "3:1": 0}], ["7197037167_R04C02.gtc", "7", 0.9883976608187135, 0.9873417721518988, {"1:0": 0, "1:1": 10069, "1:2": 87, "1:3": 0, "0:1": 28, "0:0": 1, "0:3": 6, "0:2": 44, "2:3": 5, "2:2": 7932, "2:1": 46, "2:0": 11, "3:2": 96, "3:3": 3126, "3:0": 3, "3:1": 0}], ["7197037167_R04C02.gtc", "8", 0.9905029239766082, 0.9873417721518988, {"1:0": 0, "1:1": 10115, "1:2": 41, "1:3": 0, "0:1": 33, "0:0": 1, "0:3": 6, "0:2": 39, "2:3": 8, "2:2": 7916, "2:1": 57, "2:0": 13, "3:2": 80, "3:3": 3141, "3:0": 4, "3:1": 0}]], "BEST_Z": "7"}